{
  "accuracy": 0.8044692737430168,
  "f1": 0.7244094488188977,
  "roc_auc": 0.8444005270092226
}